﻿<?xml version="1.0" encoding="utf-8"?>
<root>
  <!-- MenuBars -->
  <resource name="sup">Superscript</resource>
  <resource name="sub">Subscript</resource>
  <resource name="removeformat">Remove All Formatting</resource>
  <resource name="calculator">Calculator</resource>
  <resource name="getpage">Collection Page</resource>
  <resource name="qq">Insert QQ Online Icon</resource>
  <resource name="icq">Insert ICQ Online Icon</resource>
  <resource name="msn">Insert MSN Online Icon</resource>
  <resource name="quote">Quote Style</resource>
  <resource name="code">Code Style</resource>
  <resource name="emot">Insert emot icon</resource>
  <resource name="uploadfile">Upload File</resource>
  <resource name="excel">Import Excel To Editor</resource>
  <resource name="table">Insert Table</resource>
  <resource name="nowtime">Insert Time</resource>
  <resource name="date">Insert Date</resource>
  <resource name="bgcolor">Back Color</resource>
  <resource name="forecolor">Fore Color</resource>
  <resource name="uploadmedia">Upload Media Or Flash</resource>
  <resource name="uploadimg">Upload Image</resource>
  <resource name="createlink">Create Link</resource>
  <resource name="inserthorizontalrule">Insert Rule</resource>
  <resource name="underline">Underline</resource>
  <resource name="italic">Italic</resource>
  <resource name="bold">Bold</resource>
  <resource name="help">Online Help Center</resource>
  <resource name="print">Print All Pages</resource>
  <resource name="paste">Paste</resource>
  <resource name="pastetext">Paste Text</resource>
  <resource name="pasteword">Paste Word</resource>
  <resource name="copy">Copy</resource>
  <resource name="cut">Cut</resource>
  <resource name="delete">Delete</resource>
  <resource name="redo">Redo</resource>
  <resource name="undo">Undo</resource>
  <resource name="indent">Indent</resource>
  <resource name="search">Find and Replace</resource>
  <resource name="justifyleft">Justify Left</resource>
  <resource name="justifycenter">Justify Center</resource>
  <resource name="justifyright">Justify Right</resource>
  <resource name="insertunorderedlist">Bulled List</resource>
  <resource name="insertorderedlist">Numbered list</resource>
  <resource name="outdent">Outdent</resource>
  <resource name="symbol">Symbol</resource>
  <resource name="special_symbol">Special Symbol</resource>
  <resource name="number">Number</resource>
  <resource name="spellline">Spell Line</resource>
  <resource name="othersymbol1">Other1</resource>
  <resource name="othersymbol2">Other2</resource>
  <resource name="paragraphformat">Paragraphformat</resource>
  <resource name="normal">Normal</resource>
  <resource name="h1">Heading 1</resource>
  <resource name="h2">Heading 2</resource>
  <resource name="h3">Heading 3</resource>
  <resource name="h4">Heading 4</resource>
  <resource name="h5">Heading 5</resource>
  <resource name="h6">Heading 6</resource>
  <resource name="paragraph">Paragraph</resource>
  <resource name="dd">Definition</resource>
  <resource name="dt">Lng Definition</resource>
  <resource name="dir">Dir</resource>
  <resource name="menu">Menu</resource>
  <resource name="pre">Formatted</resource>
  <resource name="specialtype">Specialtype</resource>
  <resource name="address">Address</resource>
  <resource name="blink">Blink</resource>
  <resource name="shine">Shine</resource>
  <resource name="marquee">Marquee</resource>
  <resource name="fly">Fly</resource>
  <resource name="delline">StrikeThrough</resource>
  <resource name="big">Big</resource>
  <resource name="small">Small</resource>
  <resource name="fontsize">FontSize</resource>
  <resource name="removesize">DefaultSize</resource>
  <resource name="selectfont">SelectFont</resource>
  <resource name="customfont">CustomFont</resource>
  <resource name="removefont">DefaultFont</resource>
  <resource name="simsun">SongTi</resource>
  <resource name="simhei">BoldFace</resource>
  <resource name="stliti">LiShu</resource>
  <resource name="simyou">YouYuan</resource>
  <resource name="simkai">KaiTi</resource>
  <resource name="simfang">FangSong</resource>
  <resource name="newsimsun">NewSontTi</resource>
  <resource name="stcaiyun">HuaWenCaiYun</resource>
  <resource name="stfangso">HuaWenFangSong</resource>
  <resource name="stxinwei">HuaWenXinWei</resource>
  <resource name="fullscreen">FullScreen</resource>
  <resource name="properties">Properties</resource>
  <resource name="hide">Hide ToolBar</resource>
  <resource name="show">Show HideToolBar</resource>
  <resource name="draglayer">Click To Drag The ToolBar</resource>
  <resource name="insertcodehighlight">Insert CodeHighlight</resource>
  <resource name="resettoolbar">Reset ToolBar</resource>

  <!--Control's Command-->
  <resource name="warning">After the state required conversion to the use of editing functions Editor！</resource>
  <resource name="removedwordformat">The adhesive is detected in Word format, Microsoft Word format need to be cleaned up after adhesive? </resource>
  <resource name="flyspeed">Please mobile text input or flight speed (0-255):</resource>
  <resource name="setupfont">Please input system has been installed font name:</resource>
  <resource name="inputcolorcode">Please imported from the definition of the color code or name:</resource>
  <resource name="errorparameter">Call parameters wrong! </resource>
  <resource name="emotpath">address input from Other Emot</resource>
  <resource name="newsimagealt">Please importation news photo caption:</resource>
  <resource name="inputnewsimagealt">News Photo</resource>
  <resource name="newsbgcolor">Please importation news background color photo caption:</resource>
  <resource name="getpageconfirm">Collection Successful!Do You Insert Editor?</resource>
  <resource name="downloadhere">Please click download here</resource>
  <resource name="inputmsn">Please input your MSN numbers:</resource>
  <resource name="inputicq">Please input your ICQ number:</resource>
  <resource name="inputqq">Please input your QQ numbers:</resource>
  <resource name="otherpaperurl">Please address the importation of other Web pad:</resource>
  <resource name="symbolcode">Please input special character code expansion:</resource>
  <resource name="qqstyle">QQ Style：</resource>
  <resource name="viewstyle">View QQ Style</resource>
  <resource name="msncheck">MSN-line testing</resource>
  <resource name="icqcheck">ICQ-line testing</resource>
  <resource name="sendmsg">Click here to my filing</resource>
  <resource name="editstatus">State Editor</resource>
  <resource name="previewstatus">State Preview</resource>
  <resource name="codestatus">State code</resource>
  <resource name="pagebreak">Print Page Break</resource>
  <resource name="pageoutput">Insert Page Output</resource>
  <resource name="delhtmltag">Delete Html Tag</resource>
  <resource name="delwordtag">Deltet Word Tag</resource>
  <resource name="delstyletag">Deltel Sytle Tag</resource>
  <resource name="delfonttag">Deltel Font Tag</resource>
  <resource name="delspantag">Deltel Span Tag</resource>
  <resource name="cleancodesuccessful">Clean Code Successful!</resource>
  <resource name="formatstripper">Format Stripper</resource>
  
  <resource name="codebutton">Code</resource>
  <resource name="editbutton">Edit</resource>
  <resource name="previewbutton">Preview</resource>
  <resource name="minus">Minus Editor Size</resource>
  <resource name="plus">Plus Editor Size</resource>
  <resource name="insertpage">Collection And Insert</resource>
  <resource name="findcontent">Find Content</resource>
  <resource name="replacecontent">Replace Content</resource>
  <resource name="findnext">Find Next</resource>
  <resource name="replace">Replace</resource>
  <resource name="replaceall">Replace All</resource>
  <resource name="casesensitive">Case Sensitive</resource>
  <resource name="wholeword">Whole Word</resource>
  <resource name="findfile">Find</resource>
  <resource name="notfound">Not Found Match Text!</resource>
  <resource name="replaceresult">Locate Text Replace Successful!</resource>
  <resource name="findfinal">Search Final!Search Again?</resource>
  <resource name="pleaseinput">Inupt Text Please!</resource>
  <resource name="upwards">Upwards</resource>
  <resource name="downwards">Downwards</resource>
  <resource name="replacesuccessful">Replace Successful!</resource>
  <resource name="findsuccessful">Find Successful!</resource>
  <resource name="getpagetype">Collection Type</resource>
  <resource name="getallcontent">All Content</resource>
  <resource name="getnoscriptcontent">No Script Content</resource>
  <resource name="getalltext">All Text</resource>
  <resource name="getallimg">All Images</resource>
  <resource name="getalllink">All Link</resource>
  <resource name="getpageerror">Collection Fail,URL not found!</resource>
  <resource name="getpageloading">Collection Now!</resource>
  <resource name="findname">Find FileName</resource>
  <resource name="editlink">Edit Link</resource>
  <resource name="addlink">Create Link</resource>
  <resource name="importword">Import Word To Editor</resource>
  <resource name="importwordconfirm">Unload Word File successful!Do You Insert Editor?</resource>
  <resource name="importexcelconfirm">Unload Excel File successful!Do You Insert Editor?</resource>
  <resource name="importeditor">Import Editor</resource>
  <resource name="saveword">Save Word To Server Upload directory</resource>
  <resource name="saveexcel">Save Excel To Server Upload directory</resource>
  <resource name="openlinktype">Target</resource>
  <resource name="_blank">New Window</resource>
  <resource name="_self">Self Window</resource>
  <resource name="_parent">Parent Window</resource>
  <resource name="_top">Top Window</resource>
  <resource name="basecolor">BaseColor</resource>
  <resource name="brightness">Brightness</resource>

  <!--Page expression-->
  <resource name="insertemot">Shoot expression can be auto inserted icon</resource>
  <resource name="insert">Insert</resource>
  <resource name="insertcustomize">Insert Customize...</resource>

  <!-- Upload page -->
  <resource name="uploadpath">Upload Path</resource>
  <resource name="uploadimages">Add Images</resource>
  <resource name="uploadface">Upload interface</resource>
  <resource name="filepath">Files Path</resource>
  <resource name="uploaduse">You have used</resource>
  <resource name="have">Have</resource>
  <resource name="singlesize">Upload Space，Restrictions one documents</resource>
  <resource name="filelist">File List</resource>
  <resource name="selectall">ALL</resource>
  <resource name="imagepreview">Image Preview</resource>
  <resource name="width">Width</resource>
  <resource name="height">Height</resource>
  <resource name="alt">Note</resource>
  <resource name="align">Align</resource>
  <resource name="default">Default</resource>
  <resource name="left">Left Alignment</resource>
  <resource name="right">Right Alignment </resource>
  <resource name="center">Center</resource>
  <resource name="watermark">Photo Watermark</resource>
  <resource name="watermarkText">Text Watermark</resource>
  <resource name="controlmenu">Menu</resource>
  <resource name="close">Close</resource>
  <resource name="loading">Uploading, please wait ...... </resource>
  <resource name="mof">Modify</resource>
  <resource name="insertimages">Insert Image</resource>
  <resource name="insertimage">Imsert Photo</resource>
  <resource name="mofimages">Image Changes</resource>
  <resource name="rename">Rename</resource>
  <resource name="canceloading">Cancel</resource>
  <resource name="upload">Upload</resource>
  <resource name="filename">[File name]joined hits</resource>
  <resource name="creationtime">Create Time</resource>
  <resource name="filesize">File Size</resource>
  <resource name="edit">Edit</resource>
  <resource name="cancel">Cancel</resource>
  <resource name="insertfile">Insert Documents</resource>
  <resource name="moffile">Revised Document</resource>
  <resource name="uploadfiles">Upload Files</resource>
  <resource name="filetitle">Document Title</resource>
  <resource name="insertmediatitle">Insert Media File</resource>
  <resource name="insertmedia">Insert Media</resource>
  <resource name="uploadtemplate">Upload Template</resource>
  <resource name="inserttemplate">Insert Template</resource>
  <resource name="unselect">UnSel</resource>
  <resource name="noselect">not select file!</resource>
  <resource name="uploadsuccessful">File Uploaded Successfully!</resource>
  <resource name="uploadfail">File Uploaded Fail：</resource>
  <resource name="exist">A file with a name same as the target already exists!</resource>
  <resource name="overmaxsize">File Uploaded Fail,Over Single File MaxSize Or Over Space Limit!</resource>
  <resource name="errortype">File Uploaded Fail,The File format is not supported.!</resource>
  <resource name="remoteupload">Upload Network Images</resource>
  <resource name="localupload">Upload Local Images</resource>
  <resource name="volume">Vol</resource>
  <resource name="loop">Loop</resource>
  <resource name="keepratio">Keep Ratio</resource>
  <resource name="builddir">Build Directory</resource>
  <resource name="build">Build</resource>
  <resource name="returndir">Return Parent Directory</resource>
  <resource name="deleteing">Deleteing,please wait ......</resource>
  <resource name="building">Building,please wait ......</resource>
  <resource name="returning">Returning,please wait ......</resource>
  <resource name="watermarkposition">Position</resource>
  <resource name="photoaddress">Address</resource>
  <resource name="positionx">X</resource>
  <resource name="positiony">Y</resource>
  <resource name="inputfont">Text</resource>
  <resource name="inputcolor">Color</resource>
  <resource name="font">Font</resource>
  <resource name="imgsetting">Image</resource>
  <resource name="watermarksetting">Watermark</resource>
  <resource name="vspace">Vspace</resource>
  <resource name="hspace">Hspace</resource>
  <resource name="maxuploadfile">Max Multiple Files:</resource>
  <resource name="hidefilelist">Hide File List</resource>
  <resource name="showfilelist">Show File List</resource>
  <resource name="hideimagesdiv">Hide Images Attribute</resource>
  <resource name="showimagesdiv">Show Images Attribute</resource>
  <resource name="clearlist">Clear List</resource>
  <resource name="delfile">Remove File</resource>
  <resource name="selfile">Error!Must Select File</resource>
  <resource name="addfile">Select Upload File Please!</resource>
  <resource name="adduploadfile">Select Files</resource>
  <resource name="overuploadfile">Error!Over Max Upload Files</resource>
  <resource name="addlist">Add File To ListBox,Please Wait!</resource>

  <!-- Table Page -->
  <resource name="colorcode">Please input from the input frame definition of the color code or name</resource>
  <resource name="nowcolor">Current Color</resource>
  <resource name="customcolor">User-defined color...</resource>
  <resource name="moftable">Revise forms</resource>
  <resource name="inserttable">Insert Tables</resource>
  <resource name="errorbordercolorcode">Invalid frame color！</resource>
  <resource name="errorbgcolorcode">Invalid background color!</resource>
  <resource name="errorrow">Out in the void, at least one trip!</resource>
  <resource name="errorcol">Void cited，at least one out! </resource>
  <resource name="errorwidth">Void width of the table!</resource>
  <resource name="tablesize">Table size</resource>
  <resource name="tablerow">Table Rows</resource>
  <resource name="tablecol">Table Cols</resource>
  <resource name="tabledesign">Table Layout</resource>
  <resource name="tablealign">Align</resource>
  <resource name="bordersize">BorderSize</resource>
  <resource name="tablecellspacing">CellSpacing</resource>
  <resource name="tablecellpadding">CellPadding</resource>
  <resource name="tablewidth">Table Width</resource>
  <resource name="tablewidthvalue">Width specified table</resource>
  <resource name="tablepx">Pixel</resource>
  <resource name="tablepercent">Percentage</resource>
  <resource name="tablecolor">Table Color</resource>
  <resource name="tablebordercolor">Border Color</resource>
  <resource name="tablebgcolor">Background Color</resource>
  <resource name="tableselectbordercolor">Select border color</resource>
  <resource name="tableselectbgcolor">Select background color</resource>
  <resource name="ok">Submit</resource>
  <resource name="close2">Close</resource>
  
  <!--div page-->
  <resource name="div">Insert Or Modify Div</resource>
  <resource name="insertdiv">Insert Div</resource>
  <resource name="mofdiv">Modify Div</resource>
  <resource name="divwidth">Div Width</resource>
  <resource name="divheight">Div Height</resource>
  <resource name="divwidthvalue">Set Width</resource>
  <resource name="divheightvalue">Set Height</resource>
  <resource name="divdesign">Div Design</resource>
  <resource name="divcolor">Div Color</resource>
  <resource name="position">Postion</resource>
  <resource name="static">Static</resource>
  <resource name="relative">Relative</resource>
  <resource name="absolute">Absolute</resource>
  <resource name="borderstyle">Border Style</resource>
  <resource name="none">None</resource>
  <resource name="solid">Solid</resource>
  <resource name="dashed">Dashed</resource>
  <resource name="dotted">Dotted</resource>
  <resource name="double">Double</resource>
  <resource name="groove">Groove</resource>
  <resource name="ridge">Ridge</resource>
  <resource name="inset">Inset</resource>
  <resource name="outset">Outset</resource>
  <resource name="wordbreak">WordBreak</resource>
  <resource name="zindex">Zindex</resource>
  <resource name="overflow">OverFlow</resource>
  <resource name="auto">Auto</resource>
  <resource name="hidden">Hidden</resource>
  <resource name="scroll">Scroll</resource>
  <resource name="visible">Visible</resource>


  <!--calculators page-->
  <resource name="calculator">Auxiliary Calculator</resource>
  <resource name="insertcalculator">Calculate and insert</resource>

  <!--Store module, multi-lingual (activated window)-->
  <resource name="codehighlighter">Insert Light-Code</resource>
  <resource name="codetype">Type Code</resource>
  <resource name="codecontent">Code Content</resource>
  <resource name="LineNumberMarginVisibleCheckBox">Allowed Show No</resource>
  <resource name="OutliningEnabledCheckBox">Allow Code Folding</resource>
  <resource name="HighlightButton">Insert Code</resource>
  <resource name="codefile">CodeFile</resource>
  <resource name="uploadcodefile">Upload and Insert</resource>
  <resource name="pastecode">Inupt or Paste</resource>
  <resource name="uploadcodefileerror">Error:There is a 30000 character limit on the code file size that can be uploaded!</resource>
  <resource name="convertwhitespace">Convert WhiteSpace</resource>
  <resource name="usepre">Use Pre Tag</resource>
  <resource name="codestyle">Code Style</resource>

  <!--Store module, multi-lingual (internal order)-->
  <resource name="插入网页方框">Insert PageBox</resource>
  <resource name="wordfunction">Import Word</resource>
</root>