﻿<?xml version="1.0" encoding="UTF-8"?>
<root>
  <resource name="sup">上標</resource>
  <resource name="sub">下標</resource>
  <resource name="removeformat">清除文本格式</resource>
  <resource name="calculator">輔助計算器</resource>
  <resource name="getpage">遠端頁面資訊採集</resource>
  <resource name="qq">插入QQ號碼線上檢測圖示</resource>
  <resource name="icq">插入ICQ號碼線上檢測圖示</resource>
  <resource name="msn">插入MSN號碼線上檢測圖示</resource>
  <resource name="quote">引用樣式</resource>
  <resource name="code">代碼樣式</resource>
  <resource name="emot">插入表情圖示</resource>
  <resource name="uploadfile">插入或修改文件</resource>
  <resource name="excel">導入Excel文件</resource>
  <resource name="table">插入或修改網頁表格</resource>
  <resource name="nowtime">插入當前時間</resource>
  <resource name="date">插入日期</resource>
  <resource name="bgcolor">設置表格或字體的背景色</resource>
  <resource name="forecolor">設置字體顏色</resource>
  <resource name="uploadmedia">插入自動播放的媒體或Flash文件</resource>
  <resource name="uploadimg">插入或修改圖片</resource>
  <resource name="createlink">插入或修改超鏈結</resource>
  <resource name="inserthorizontalrule">插入水平線</resource>
  <resource name="underline">下劃線</resource>
  <resource name="italic">斜體</resource>
  <resource name="bold">粗體</resource>
  <resource name="help">線上幫助中心</resource>
  <resource name="print">列印全頁</resource>
  <resource name="paste">粘貼</resource>
  <resource name="pastetext">粘貼文本</resource>
  <resource name="pasteword">粘貼Word</resource>
  <resource name="copy">複製</resource>
  <resource name="cut">剪切</resource>
  <resource name="delete">刪除</resource>
  <resource name="redo">恢復</resource>
  <resource name="undo">撤銷</resource>
  <resource name="indent">縮進</resource>
  <resource name="search">查找替換</resource>
  <resource name="justifyleft">向左對齊</resource>
  <resource name="justifycenter">向中靠</resource>
  <resource name="justifyright">向右對齊</resource>
  <resource name="insertunorderedlist">列表項</resource>
  <resource name="insertorderedlist">編號列表</resource>
  <resource name="outdent">取消縮進</resource>
  <resource name="fullscreen">全屏編輯</resource>
  <resource name="properties">目標屬性</resource>
  <resource name="hide">隱藏工具欄</resource>
  <resource name="show">顯示隱藏工具欄</resource>
  <resource name="draglayer">點擊即可拖曳工具欄</resource>
  <resource name="insertcodehighlight">插入高亮代碼</resource>
  <resource name="resettoolbar">重置菜單界面</resource>

  <resource name="symbol">插入特殊字元</resource>
  <resource name="special_symbol">特殊符號</resource>
  <resource name="number">編號字母</resource>
  <resource name="spellline">拼音線條</resource>
  <resource name="othersymbol1">其他一</resource>
  <resource name="othersymbol2">其他二</resource>

  <resource name="paragraphformat">段落格式</resource>
  <resource name="normal">普通</resource>
  <resource name="h1">標題一</resource>
  <resource name="h2">標題二</resource>
  <resource name="h3">標題三</resource>
  <resource name="h4">標題四</resource>
  <resource name="h5">標題五</resource>
  <resource name="h6">標題六</resource>
  <resource name="paragraph">段落</resource>
  <resource name="dd">定義</resource>
  <resource name="dt">術語定義</resource>
  <resource name="dir">目錄列表</resource>
  <resource name="menu">菜單列表</resource>
  <resource name="pre">已編排格式</resource>
  <resource name="specialtype">特殊格式</resource>
  <resource name="address">地址</resource>
  <resource name="blink">閃爍</resource>
  <resource name="shine">發光字體</resource>
  <resource name="marquee">移動</resource>
  <resource name="fly">飛行</resource>
  <resource name="delline">刪除線</resource>
  <resource name="big">增大字體</resource>
  <resource name="small">減小字體</resource>
  <resource name="fontsize">字號</resource>
  <resource name="removesize">默認</resource>
  <resource name="selectfont">選擇字體</resource>
  <resource name="customfont">自定義字體</resource>
  <resource name="removefont">默認字體</resource>
  <resource name="simsun">宋體</resource>
  <resource name="simhei">黑體</resource>
  <resource name="stliti">隸書</resource>
  <resource name="simyou">幼圓</resource>
  <resource name="simkai">楷體</resource>
  <resource name="simfang">仿宋</resource>
  <resource name="newsimsun">新宋體</resource>
  <resource name="stcaiyun">華文彩雲</resource>
  <resource name="stfangso">華文仿宋</resource>
  <resource name="stxinwei">華文新魏</resource>
  <resource name="warning">需轉換為編輯狀態後才能使用編輯功能！</resource>
  <resource name="removedwordformat">檢測到粘貼的內容是Word格式,是否需要清理Word格式後再粘貼?</resource>
  <resource name="flyspeed">請輸入文字移動或飛行的速度(0-255):</resource>
  <resource name="setupfont">請輸入系統已安裝字體的名稱:</resource>
  <resource name="inputcolorcode">請輸入自定義顏色的代碼或名稱:</resource>
  <resource name="errorparameter">錯誤參數調用！</resource>
  <resource name="insertpage">採集並插入</resource>
  <resource name="findcontent">查找內容</resource>
  <resource name="replacecontent">替換內容</resource>
  <resource name="findnext">查找下一個</resource>
  <resource name="replace">替換</resource>
  <resource name="replaceall">全部替換</resource>
  <resource name="casesensitive">區分大小寫</resource>
  <resource name="wholeword">全部匹配</resource>
  <resource name="findfile">查找文件</resource>
  <resource name="notfound">找不到匹配的查找或替換內容!</resource>
  <resource name="replaceresult">處文本被替換成功</resource>
  <resource name="findfinal">搜索完成，是否要從頂部開始重新搜索?</resource>
  <resource name="pleaseinput">請輸入查找內容</resource>
  <resource name="upwards">向上</resource>
  <resource name="downwards">向下</resource>
  <resource name="replacesuccessful">替換成功!</resource>
  <resource name="findsuccessful">查找成功!</resource>
  <resource name="getpagetype">採集方式</resource>
  <resource name="getallcontent">全部內容</resource>
  <resource name="getnoscriptcontent">不帶腳本的內容</resource>
  <resource name="getalltext">所有文本</resource>
  <resource name="getallimg">所有圖片</resource>
  <resource name="getalllink">所有鏈結</resource>
  <resource name="getpageerror">資訊採集失敗,URL無法訪問!</resource>
  <resource name="getpageloading">資訊採集中,請稍候!</resource>
  <resource name="findname">查找文件的名稱</resource>
  <resource name="editlink">修改鏈結</resource>
  <resource name="addlink">創建鏈結</resource>
  <resource name="importword">Word文件導入編輯器</resource>
  <resource name="importwordconfirm">上傳Word文件成功!是否導入編輯器?</resource>
  <resource name="importexcelconfirm">上傳Excel文件成功!是否導入編輯器?</resource>
  <resource name="importeditor">導入編輯器</resource>
  <resource name="saveword">保存Word文件到服務器上傳目錄</resource>
  <resource name="saveexcel">保存Excel文件到服務器上傳目錄</resource>
  <resource name="openlinktype">打開方式</resource>
  <resource name="_blank">新窗體</resource>
  <resource name="_self">自窗體</resource>
  <resource name="_parent">父窗體</resource>
  <resource name="_top">頂窗體</resource>
  <resource name="basecolor">基色</resource>
  <resource name="brightness">亮度</resource>


  <resource name="emotpath">輸入其他表情的URL</resource>
  <resource name="newsimagealt">請輸入新聞圖片說明文字:</resource>
  <resource name="inputnewsimagealt">新聞圖片說明</resource>
  <resource name="newsbgcolor">請輸入新聞圖片說明文字背景色:</resource>
  <resource name="getpageconfirm">資訊採集成功,是否加入編輯器?</resource>
  <resource name="downloadhere">請點擊此處下載</resource>
  <resource name="inputmsn">請輸入你的MSN號碼:</resource>
  <resource name="inputicq">請輸入你的ICQ號碼:</resource>
  <resource name="inputqq">請輸入你的QQ號碼:</resource>
  <resource name="otherpaperurl">請輸入其他信紙的WEB地址:</resource>
  <resource name="symbolcode">請輸入特殊字元的擴展代碼:</resource>
  <resource name="qqstyle">QQ樣式：</resource>
  <resource name="viewstyle">查看QQ樣式</resource>
  <resource name="msncheck">線上狀態檢測</resource>
  <resource name="icqcheck">ICQ線上狀態檢測</resource>
  <resource name="sendmsg">點擊這裏給我發消息</resource>
  <resource name="editstatus">編輯狀態</resource>
  <resource name="previewstatus">預覽狀態</resource>
  <resource name="codestatus">代碼狀態</resource>
  <resource name="pagebreak">插入打印分頁符</resource>
  <resource name="pageoutput">插入內容分頁符</resource>
  <resource name="delhtmltag">所有的html標籤</resource>
  <resource name="delwordtag">所有的word標籤</resource>
  <resource name="delstyletag">所有的樣式表</resource>
  <resource name="delfonttag">所有的字體標籤</resource>
  <resource name="delspantag">所有的Span標籤</resource>
  <resource name="cleancodesuccessful">格式清理成功!</resource>
  <resource name="formatstripper">代碼格式清理</resource>

  
  <resource name="codebutton">代碼</resource>
  <resource name="editbutton">編輯</resource>
  <resource name="previewbutton">預覽</resource>
  <resource name="minus">收縮編輯框</resource>
  <resource name="plus">擴展編輯框</resource>

  <resource name="insertemot">單擊表情圖示即可自動插入</resource>
  <resource name="insert">插入</resource>
  <resource name="insertcustomize">插入自定義表情...</resource>
  
  <resource name="uploadpath">上傳路徑</resource>
  <resource name="uploadimages">添加圖像</resource>
  <resource name="uploadface">上傳介面</resource>
  <resource name="filepath">網路地址</resource>
  <resource name="uploaduse">您已經使用了</resource>
  <resource name="have">還有</resource>
  <resource name="singlesize">的上傳空間，單個文件限制</resource>
  <resource name="filelist">文件列表</resource>
  <resource name="selectall">全選</resource>
  <resource name="imagepreview">圖像預覽</resource>
  <resource name="width">寬度</resource>
  <resource name="height">高度</resource>
  <resource name="alt">說明</resource>
  <resource name="align">對齊</resource>
  <resource name="default">默認</resource>
  <resource name="left">左對齊</resource>
  <resource name="right">右對齊</resource>
  <resource name="center">居中</resource>
  <resource name="watermark">圖片水印</resource>
  <resource name="watermarkText">文字水印</resource>
  <resource name="controlmenu">操作功能表</resource>
  <resource name="close">關閉</resource>
  <resource name="loading">上傳文件中,請稍等......</resource>
  <resource name="mof">應用修改</resource>
  <resource name="insertimages">插入圖像</resource>
  <resource name="insertimage">插入圖片</resource>
  <resource name="mofimages">修改圖像</resource>
  <resource name="rename">重命名</resource>
  <resource name="canceloading">取 消</resource>
  <resource name="upload">上 傳</resource>
  <resource name="filename">文件名稱[點擊加入]</resource>
  <resource name="creationtime">創建時間</resource>
  <resource name="filesize">文件大小</resource>
  <resource name="edit">修改</resource>
  <resource name="cancel">取消</resource>
  <resource name="insertfile">插入文件</resource>
  <resource name="moffile">修改文件</resource>
  <resource name="uploadfiles">上傳文件</resource>
  <resource name="filetitle">文件標題</resource>
  <resource name="insertmediatitle">插入媒體文件</resource>
  <resource name="insertmedia">插入自動播放文件</resource>
  <resource name="uploadtemplate">上傳範本</resource>
  <resource name="inserttemplate">插入範本</resource>
  <resource name="unselect">反選</resource>
  <resource name="noselect">沒有可選文件!</resource>
  <resource name="uploadsuccessful">文件已經成功上傳!</resource>
  <resource name="uploadfail">上傳失敗，失敗原因：</resource>
  <resource name="exist">文件已經存在，請重命名後上傳!</resource>
  <resource name="overmaxsize">上傳失敗，超過單個上傳文件限制或超過可用空間限制!</resource>
  <resource name="errortype">上傳失敗，文件類型不符!</resource>
  <resource name="remoteupload">上傳遠端圖片</resource>
  <resource name="localupload">上傳本機圖片</resource>
  <resource name="volume">音量</resource>
  <resource name="loop">迴圈</resource>
  <resource name="keepratio">保持縱橫比</resource>
  <resource name="builddir">創建目錄</resource>
  <resource name="build">創建</resource>
  <resource name="returndir">返回上層目錄</resource>
  <resource name="deleteing">刪除中,請稍候!</resource>
  <resource name="building">創建目錄中,請稍候!</resource>
  <resource name="returning">返回上層目錄中,請稍候!</resource>
  <resource name="watermarkposition">坐標</resource>
  <resource name="photoaddress">圖片地址</resource>
  <resource name="positionx">左</resource>
  <resource name="positiony">上</resource>
  <resource name="inputfont">文字</resource>
  <resource name="inputcolor">顏色</resource>
  <resource name="font">字體</resource>
  <resource name="imgsetting">圖片屬性</resource>
  <resource name="watermarksetting">水印控制</resource>
  <resource name="vspace">垂直間距</resource>
  <resource name="hspace">水平間距</resource>
  <resource name="maxuploadfile">最大同時上傳文件數:</resource>
  <resource name="hidefilelist">收縮文件列表</resource>
  <resource name="showfilelist">展開文件列表</resource>
  <resource name="hideimagesdiv">收縮圖像屬性</resource>
  <resource name="showimagesdiv">展開圖像屬性</resource>
  <resource name="clearlist">清空列表</resource>
  <resource name="delfile">移除文件</resource>
  <resource name="selfile">錯誤!必須選擇一個文件</resource>
  <resource name="addfile">請添加需要上傳的文件</resource>
  <resource name="adduploadfile">選擇上傳文件</resource>
  <resource name="overuploadfile">錯誤!超過最大同時上傳文件數</resource>
  <resource name="addlist">正在將文件加入到上傳列表,請稍候!</resource>

  <resource name="colorcode">請在輸入框輸入自定義顏色的代碼或名稱</resource>
  <resource name="nowcolor">當前顏色</resource>
  <resource name="customcolor">自定義顏色...</resource>
  <resource name="moftable">修改表格</resource>
  <resource name="inserttable">插入表格</resource>
  <resource name="errorbordercolorcode">無效的邊框顏色值！</resource>
  <resource name="errorbgcolorcode">無效的背景顏色值！</resource>
  <resource name="errorrow">無效的行數，至少要1行！</resource>
  <resource name="errorcol">無效的列數，至少要1列！</resource>
  <resource name="errorwidth">無效的表格寬度！</resource>
  <resource name="tablesize">表格大小</resource>
  <resource name="tablerow">表格行數</resource>
  <resource name="tablecol">表格列數</resource>
  <resource name="tabledesign">表格佈局</resource>
  <resource name="tablealign">對齊方式</resource>
  <resource name="bordersize">邊框粗細</resource>
  <resource name="tablecellspacing">單元間距</resource>
  <resource name="tablecellpadding">單元邊距</resource>
  <resource name="tablewidth">表格寬度</resource>
  <resource name="tablewidthvalue">指定表格的寬度</resource>
  <resource name="tablepx">圖元</resource>
  <resource name="tablepercent">百分比</resource>
  <resource name="tablecolor">表格顏色</resource>
  <resource name="tablebordercolor">邊框顏色</resource>
  <resource name="tablebgcolor">背景顏色</resource>
  <resource name="tableselectbordercolor">選擇邊框顏色</resource>
  <resource name="tableselectbgcolor">選擇背景顏色</resource>
  <resource name="ok">確 定</resource>
  <resource name="close2">關 閉</resource>

  <resource name="div">插入或修改DIV層</resource>
  <resource name="insertdiv">插入層</resource>
  <resource name="mofdiv">修改層</resource>
  <resource name="divwidth">層寬度</resource>
  <resource name="divheight">層高度</resource>
  <resource name="divwidthvalue">指定層的寬度</resource>
  <resource name="divheightvalue">指定層的高度</resource>
  <resource name="divdesign">層佈局</resource>
  <resource name="divcolor">層顏色</resource>
  <resource name="position">定位模式</resource>
  <resource name="static">無定位</resource>
  <resource name="relative">相對定位</resource>
  <resource name="absolute">絕對定位</resource>
  <resource name="borderstyle">邊框樣式</resource>
  <resource name="none">無邊框</resource>
  <resource name="solid">實線</resource>
  <resource name="dashed">虛線</resource>
  <resource name="dotted">點線</resource>
  <resource name="double">雙線</resource>
  <resource name="groove">凹槽</resource>
  <resource name="ridge">凸槽</resource>
  <resource name="inset">凹邊</resource>
  <resource name="outset">凸邊</resource>
  <resource name="wordbreak">自動換行</resource>
  <resource name="zindex">層順序</resource>
  <resource name="overflow">超出範圍的可見性</resource>
  <resource name="auto">自動</resource>
  <resource name="hidden">隱藏</resource>
  <resource name="scroll">滾動</resource>
  <resource name="visible">顯示</resource>

  <resource name="calculator">輔助計算器</resource>
  <resource name="insertcalculator">計算並插入</resource>
  <resource name="codehighlighter">插入高亮代碼</resource>
  <resource name="codetype">代碼類型</resource>
  <resource name="codecontent">代碼內容</resource>
  <resource name="LineNumberMarginVisibleCheckBox">允許顯示行號</resource>
  <resource name="OutliningEnabledCheckBox">允許代碼折疊</resource>
  <resource name="HighlightButton">插入代碼</resource>
  <resource name="codefile">代碼文件</resource>
  <resource name="uploadcodefile">上傳並插入代碼</resource>
  <resource name="pastecode">輸入或粘貼</resource>
  <resource name="uploadcodefileerror">錯誤:代碼文件超過行的限制!</resource>
  <resource name="convertwhitespace">轉換空格及換行符(推薦)</resource>
  <resource name="usepre">使用Pre標記</resource>
  <resource name="codestyle">代碼樣式</resource>
  <resource name="插入网页方框">插入網頁方框</resource>
  <resource name="wordfunction">導入word文件</resource>
</root>